<?xml version="1.0"?>
<font>
  <info face="Public Pixel" size="32" bold="0" italic="0" charset="" unicode="1" stretchH="100" smooth="1" aa="1" padding="0,0,0,0" spacing="1,1" outline="0"/>
  <common lineHeight="32" base="32" scaleW="512" scaleH="512" pages="1" packed="0" alphaChnl="1" redChnl="0" greenChnl="0" blueChnl="0"/>
  <pages>
    <page id="0" file="pixel_0.png" />
  </pages>
  <chars count="95">
    <char id="32" x="507" y="0" width="3" height="1" xoffset="-1" yoffset="31" xadvance="32" page="0" chnl="15" />
    <char id="33" x="285" y="87" width="18" height="28" xoffset="3" yoffset="4" xadvance="32" page="0" chnl="15" />
    <char id="34" x="441" y="108" width="22" height="16" xoffset="3" yoffset="4" xadvance="32" page="0" chnl="15" />
    <char id="35" x="93" y="0" width="30" height="28" xoffset="-1" yoffset="4" xadvance="32" page="0" chnl="15" />
    <char id="36" x="124" y="0" width="30" height="28" xoffset="-1" yoffset="4" xadvance="32" page="0" chnl="15" />
    <char id="37" x="155" y="0" width="30" height="28" xoffset="-1" yoffset="4" xadvance="32" page="0" chnl="15" />
    <char id="38" x="186" y="0" width="30" height="28" xoffset="-1" yoffset="4" xadvance="32" page="0" chnl="15" />
    <char id="39" x="501" y="71" width="10" height="16" xoffset="7" yoffset="4" xadvance="32" page="0" chnl="15" />
    <char id="40" x="170" y="87" width="22" height="28" xoffset="3" yoffset="4" xadvance="32" page="0" chnl="15" />
    <char id="41" x="193" y="87" width="22" height="28" xoffset="3" yoffset="4" xadvance="32" page="0" chnl="15" />
    <char id="42" x="0" y="137" width="22" height="12" xoffset="3" yoffset="4" xadvance="32" page="0" chnl="15" />
    <char id="43" x="364" y="108" width="22" height="20" xoffset="3" yoffset="12" xadvance="32" page="0" chnl="15" />
    <char id="44" x="490" y="87" width="10" height="16" xoffset="7" yoffset="16" xadvance="32" page="0" chnl="15" />
    <char id="45" x="88" y="137" width="22" height="4" xoffset="3" yoffset="20" xadvance="32" page="0" chnl="15" />
    <char id="46" x="46" y="137" width="10" height="8" xoffset="7" yoffset="24" xadvance="32" page="0" chnl="15" />
    <char id="47" x="93" y="87" width="26" height="28" xoffset="-1" yoffset="4" xadvance="32" page="0" chnl="15" />
    <char id="48" x="0" y="29" width="30" height="28" xoffset="-1" yoffset="4" xadvance="32" page="0" chnl="15" />
    <char id="49" x="31" y="29" width="30" height="28" xoffset="-1" yoffset="4" xadvance="32" page="0" chnl="15" />
    <char id="50" x="62" y="29" width="30" height="28" xoffset="-1" yoffset="4" xadvance="32" page="0" chnl="15" />
    <char id="51" x="93" y="29" width="30" height="28" xoffset="-1" yoffset="4" xadvance="32" page="0" chnl="15" />
    <char id="52" x="124" y="29" width="30" height="28" xoffset="-1" yoffset="4" xadvance="32" page="0" chnl="15" />
    <char id="53" x="155" y="29" width="30" height="28" xoffset="-1" yoffset="4" xadvance="32" page="0" chnl="15" />
    <char id="54" x="0" y="0" width="30" height="28" xoffset="-1" yoffset="4" xadvance="32" page="0" chnl="15" />
    <char id="55" x="217" y="29" width="30" height="28" xoffset="-1" yoffset="4" xadvance="32" page="0" chnl="15" />
    <char id="56" x="248" y="29" width="30" height="28" xoffset="-1" yoffset="4" xadvance="32" page="0" chnl="15" />
    <char id="57" x="279" y="29" width="30" height="28" xoffset="-1" yoffset="4" xadvance="32" page="0" chnl="15" />
    <char id="58" x="496" y="50" width="10" height="20" xoffset="7" yoffset="12" xadvance="32" page="0" chnl="15" />
    <char id="59" x="496" y="29" width="10" height="20" xoffset="7" yoffset="12" xadvance="32" page="0" chnl="15" />
    <char id="60" x="341" y="108" width="22" height="20" xoffset="3" yoffset="12" xadvance="32" page="0" chnl="15" />
    <char id="61" x="23" y="137" width="22" height="12" xoffset="3" yoffset="16" xadvance="32" page="0" chnl="15" />
    <char id="62" x="387" y="108" width="22" height="20" xoffset="3" yoffset="12" xadvance="32" page="0" chnl="15" />
    <char id="63" x="465" y="29" width="30" height="28" xoffset="-1" yoffset="4" xadvance="32" page="0" chnl="15" />
    <char id="64" x="0" y="58" width="30" height="28" xoffset="-1" yoffset="4" xadvance="32" page="0" chnl="15" />
    <char id="65" x="31" y="58" width="30" height="28" xoffset="-1" yoffset="4" xadvance="32" page="0" chnl="15" />
    <char id="66" x="62" y="58" width="30" height="28" xoffset="-1" yoffset="4" xadvance="32" page="0" chnl="15" />
    <char id="67" x="93" y="58" width="30" height="28" xoffset="-1" yoffset="4" xadvance="32" page="0" chnl="15" />
    <char id="68" x="124" y="58" width="30" height="28" xoffset="-1" yoffset="4" xadvance="32" page="0" chnl="15" />
    <char id="69" x="155" y="58" width="30" height="28" xoffset="-1" yoffset="4" xadvance="32" page="0" chnl="15" />
    <char id="70" x="186" y="58" width="30" height="28" xoffset="-1" yoffset="4" xadvance="32" page="0" chnl="15" />
    <char id="71" x="217" y="58" width="30" height="28" xoffset="-1" yoffset="4" xadvance="32" page="0" chnl="15" />
    <char id="72" x="248" y="58" width="30" height="28" xoffset="-1" yoffset="4" xadvance="32" page="0" chnl="15" />
    <char id="73" x="279" y="58" width="30" height="28" xoffset="-1" yoffset="4" xadvance="32" page="0" chnl="15" />
    <char id="74" x="310" y="58" width="30" height="28" xoffset="-1" yoffset="4" xadvance="32" page="0" chnl="15" />
    <char id="75" x="341" y="58" width="30" height="28" xoffset="-1" yoffset="4" xadvance="32" page="0" chnl="15" />
    <char id="76" x="372" y="58" width="30" height="28" xoffset="-1" yoffset="4" xadvance="32" page="0" chnl="15" />
    <char id="77" x="403" y="58" width="30" height="28" xoffset="-1" yoffset="4" xadvance="32" page="0" chnl="15" />
    <char id="78" x="434" y="58" width="30" height="28" xoffset="-1" yoffset="4" xadvance="32" page="0" chnl="15" />
    <char id="79" x="341" y="0" width="30" height="28" xoffset="-1" yoffset="4" xadvance="32" page="0" chnl="15" />
    <char id="80" x="434" y="29" width="30" height="28" xoffset="-1" yoffset="4" xadvance="32" page="0" chnl="15" />
    <char id="81" x="403" y="29" width="30" height="28" xoffset="-1" yoffset="4" xadvance="32" page="0" chnl="15" />
    <char id="82" x="372" y="29" width="30" height="28" xoffset="-1" yoffset="4" xadvance="32" page="0" chnl="15" />
    <char id="83" x="341" y="29" width="30" height="28" xoffset="-1" yoffset="4" xadvance="32" page="0" chnl="15" />
    <char id="84" x="310" y="29" width="30" height="28" xoffset="-1" yoffset="4" xadvance="32" page="0" chnl="15" />
    <char id="85" x="186" y="29" width="30" height="28" xoffset="-1" yoffset="4" xadvance="32" page="0" chnl="15" />
    <char id="86" x="434" y="0" width="30" height="28" xoffset="-1" yoffset="4" xadvance="32" page="0" chnl="15" />
    <char id="87" x="403" y="0" width="30" height="28" xoffset="-1" yoffset="4" xadvance="32" page="0" chnl="15" />
    <char id="88" x="372" y="0" width="30" height="28" xoffset="-1" yoffset="4" xadvance="32" page="0" chnl="15" />
    <char id="89" x="310" y="0" width="30" height="28" xoffset="-1" yoffset="4" xadvance="32" page="0" chnl="15" />
    <char id="90" x="217" y="0" width="30" height="28" xoffset="-1" yoffset="4" xadvance="32" page="0" chnl="15" />
    <char id="91" x="147" y="87" width="22" height="28" xoffset="3" yoffset="4" xadvance="32" page="0" chnl="15" />
    <char id="92" x="120" y="87" width="26" height="28" xoffset="3" yoffset="4" xadvance="32" page="0" chnl="15" />
    <char id="93" x="216" y="87" width="22" height="28" xoffset="3" yoffset="4" xadvance="32" page="0" chnl="15" />
    <char id="94" x="410" y="108" width="30" height="16" xoffset="-1" yoffset="4" xadvance="32" page="0" chnl="15" />
    <char id="95" x="57" y="137" width="30" height="4" xoffset="-1" yoffset="28" xadvance="32" page="0" chnl="15" />
    <char id="96" x="495" y="104" width="10" height="8" xoffset="7" yoffset="4" xadvance="32" page="0" chnl="15" />
    <char id="97" x="248" y="116" width="30" height="20" xoffset="-1" yoffset="12" xadvance="32" page="0" chnl="15" />
    <char id="98" x="465" y="58" width="30" height="28" xoffset="-1" yoffset="4" xadvance="32" page="0" chnl="15" />
    <char id="99" x="31" y="116" width="30" height="20" xoffset="-1" yoffset="12" xadvance="32" page="0" chnl="15" />
    <char id="100" x="0" y="87" width="30" height="28" xoffset="-1" yoffset="4" xadvance="32" page="0" chnl="15" />
    <char id="101" x="279" y="116" width="30" height="20" xoffset="-1" yoffset="12" xadvance="32" page="0" chnl="15" />
    <char id="102" x="31" y="87" width="30" height="28" xoffset="-1" yoffset="4" xadvance="32" page="0" chnl="15" />
    <char id="103" x="304" y="87" width="30" height="20" xoffset="-1" yoffset="12" xadvance="32" page="0" chnl="15" />
    <char id="104" x="62" y="87" width="30" height="28" xoffset="-1" yoffset="4" xadvance="32" page="0" chnl="15" />
    <char id="105" x="31" y="0" width="30" height="28" xoffset="-1" yoffset="4" xadvance="32" page="0" chnl="15" />
    <char id="106" x="62" y="0" width="30" height="28" xoffset="-1" yoffset="4" xadvance="32" page="0" chnl="15" />
    <char id="107" x="248" y="0" width="30" height="28" xoffset="-1" yoffset="4" xadvance="32" page="0" chnl="15" />
    <char id="108" x="279" y="0" width="30" height="28" xoffset="-1" yoffset="4" xadvance="32" page="0" chnl="15" />
    <char id="109" x="335" y="87" width="30" height="20" xoffset="-1" yoffset="12" xadvance="32" page="0" chnl="15" />
    <char id="110" x="366" y="87" width="30" height="20" xoffset="-1" yoffset="12" xadvance="32" page="0" chnl="15" />
    <char id="111" x="397" y="87" width="30" height="20" xoffset="-1" yoffset="12" xadvance="32" page="0" chnl="15" />
    <char id="112" x="428" y="87" width="30" height="20" xoffset="-1" yoffset="12" xadvance="32" page="0" chnl="15" />
    <char id="113" x="459" y="87" width="30" height="20" xoffset="-1" yoffset="12" xadvance="32" page="0" chnl="15" />
    <char id="114" x="0" y="116" width="30" height="20" xoffset="-1" yoffset="12" xadvance="32" page="0" chnl="15" />
    <char id="115" x="310" y="108" width="30" height="20" xoffset="-1" yoffset="12" xadvance="32" page="0" chnl="15" />
    <char id="116" x="465" y="0" width="30" height="28" xoffset="-1" yoffset="4" xadvance="32" page="0" chnl="15" />
    <char id="117" x="62" y="116" width="30" height="20" xoffset="-1" yoffset="12" xadvance="32" page="0" chnl="15" />
    <char id="118" x="93" y="116" width="30" height="20" xoffset="-1" yoffset="12" xadvance="32" page="0" chnl="15" />
    <char id="119" x="124" y="116" width="30" height="20" xoffset="-1" yoffset="12" xadvance="32" page="0" chnl="15" />
    <char id="120" x="155" y="116" width="30" height="20" xoffset="-1" yoffset="12" xadvance="32" page="0" chnl="15" />
    <char id="121" x="186" y="116" width="30" height="20" xoffset="-1" yoffset="12" xadvance="32" page="0" chnl="15" />
    <char id="122" x="217" y="116" width="30" height="20" xoffset="-1" yoffset="12" xadvance="32" page="0" chnl="15" />
    <char id="123" x="239" y="87" width="22" height="28" xoffset="3" yoffset="4" xadvance="32" page="0" chnl="15" />
    <char id="124" x="496" y="0" width="10" height="28" xoffset="7" yoffset="4" xadvance="32" page="0" chnl="15" />
    <char id="125" x="262" y="87" width="22" height="28" xoffset="3" yoffset="4" xadvance="32" page="0" chnl="15" />
    <char id="126" x="464" y="108" width="30" height="12" xoffset="-1" yoffset="16" xadvance="32" page="0" chnl="15" />
  </chars>
</font>
